{
  "ANSELM CLAVE 3, 08106, SANTA MARIA DE MARTORELLES, Spain": [
    41.5198863,
    2.2546044
  ],
  "AVENIDA BALNEARI, S/N S/N, 08551, TONA, Spain": [
    41.8602418,
    2.2318398
  ],
  "AVENIDA L'ONZE DE SETEMBRE 29, 08170, MONTORNES DEL VALLES, Spain": [
    41.5425769,
    2.2639501
  ],
  "AVENIDA MIL.LENARI 15, 08160, MONTMELO, Spain": [
    41.5522085,
    2.2422342
  ],
  "AVENIDA OLIMPIA S/N, 08500, VIC, Spain": [
    41.9339086,
    2.2427068
  ],
  "AVENIDA PIERA 33, 08107, MARTORELLES, Spain": null,
  "AVENIDA PIERA 45, 08107, MARTORELLES, Spain": null,
  "AVENIDA PIRINEUS S/N, 08560, MANLLEU, Spain": [
    42.0084523,
    2.278053
  ],
  "AVENIDA PIUS XII 18, 08500, VIC, Spain": [
    41.9232104,
    2.2535786
  ],
  "AVENIDA POMPEU FABRA 3, 08160, MONTMELO, Spain": [
    41.551053,
    2.2486437
  ],
  "AVENIDA PUIGMAL 100, 08560, MANLLEU, Spain": null,
  "AVENIDA ROMA 104, 08560, MANLLEU, Spain": null,
  "AVENIDA ROMA 106, 08560, MANLLEU, Spain": null,
  "AVENIDA ROMA 122, 08560, MANLLEU, Spain": null,
  "AVENIDA SANT BARTOMEU DEL GRAU S/N, 08503, GURB, Spain": [
    41.9553868,
    2.189541
  ],
  "AVENIDA SANT BERNAT CALBO 23, 08500, VIC, Spain": [
    41.9361237,
    2.2647558
  ],
  "AVENIDA SANT BERNAT CALBO 42, 08500, VIC, Spain": [
    41.9361237,
    2.2647558
  ],
  "AVENIDA SANT JERONI 13, 08105, SANT FOST DE CAMPSENTELLES, Spain": [
    41.5230355,
    2.2236567
  ],
  "AVENIDA SANT JERONI 4, 08105, SANT FOST DE CAMPSENTELLES, Spain": [
    41.5233989,
    2.2239533
  ],
  "AVENIDA SANT LLORENÇ S/N, 08504, SANT JULIÀ DE VILATORTA, Spain": [
    41.9248,
    2.327
  ],
  "Avinguda Catalunya 3, 08105, SANT FOST DE CAMPSENTELLES, Spain": [
    41.518752,
    2.2328323
  ],
  "Avinguda Gaudí 34, 08512, SANT HIPÒLIT DE VOLTREGÀ, Spain": [
    42.0134975,
    2.2446563
  ],
  "Avinguda Nostra Senyora de Monts 22, 08504, SANT JULIÀ DE VILATORTA, Spain": [
    41.9241193,
    2.3221773
  ],
  "Avinguda Pau Casals 22, 08506, CALLDETENES, Spain": [
    41.9252767,
    2.2842704
  ],
  "Avinguda de Pompeu Fabra 24, 08160, MONTMELÓ, Spain": [
    41.551053,
    2.2486437
  ],
  "Avinguda de Sant Bernat Calbó 8, 08500, VIC, Spain": [
    41.9361237,
    2.2647558
  ],
  "Avinguda de Sant Llorenç 68, 08504, SANT JULIÀ DE VILATORTA, Spain": [
    41.9255819,
    2.3287202
  ],
  "Avinguda de l'Atlàntida 8, 08519, FOLGUEROLES, Spain": [
    41.938422,
    2.3189586
  ],
  "Avinguda de l'Onze de Setembre 36, 08170, MONTORNÈS DEL VALLÈS, Spain": [
    41.5425769,
    2.2639501
  ],
  "Avinguda de l'Onze de Setembre 48, 08170, MONTORNÈS DEL VALLÈS, Spain": [
    41.5425769,
    2.2639501
  ],
  "Avinguda de la Mare de Déu de Mo 26, 08170, MONTORNÈS DEL VALLÈS, Spain": [
    41.5396186,
    2.2630204
  ],
  "Avinguda de la Ribera 6, 08503, GURB, Spain": [
    41.9493593,
    2.2503758
  ],
  "Avinguda del Mil·lenari s/n, 08160, MONTMELÓ, Spain": [
    41.5522085,
    2.2422342
  ],
  "Avinguda del Riu Mogent 1, 08170, MONTORNÈS DEL VALLÈS, Spain": [
    41.5473531,
    2.2649554
  ],
  "BLAS INFANTE 2, 08170, MONTORNES DEL VALLES, Spain": [
    41.5404976,
    2.2634864
  ],
  "BLAS INFANTE 22, 08170, MONTORNÈS DEL VALLÈS, Spain": [
    41.5404976,
    2.2634864
  ],
  "CALLE BATLLE SERRALLONGA 11, 08512, SANT HIPÒLIT DE VOLTREGÀ, Spain": [
    42.016205,
    2.2388559
  ],
  "CALLE BLAS INFANTE 8, 08170, MONTORNES DEL VALLES, Spain": [
    41.5404976,
    2.2634864
  ],
  "CALLE CANIGO 1, 08507, SANTA EUGÈNIA DE BERGA, Spain": [
    41.8998707,
    2.2821977
  ],
  "CALLE DIPUTACIO 10, 08160, MONTMELO, Spain": null,
  "CALLE DOCTOR BAYES 2, 08551, TONA, Spain": [
    41.8561191,
    2.2296902
  ],
  "CALLE DOÑ BLANCA 114, 08560, MANLLEU, Spain": [
    42.0054042,
    2.2777747
  ],
  "CALLE ELS PIRINEUS 21, 08503, GURB, Spain": null,
  "CALLE ENRIC DELARIS 16, 08560, MANLLEU, Spain": [
    42.0003612,
    2.2829636
  ],
  "CALLE ENRIC PRAT DE LA RIBA 49, 08500, VIC, Spain": [
    41.9205837,
    2.2507637
  ],
  "CALLE ERMITA DE SANT SIXT 11, 08500, VIC, Spain": [
    41.9288411,
    2.2433976
  ],
  "CALLE FEDERICO GARCIA LORCA 3, 08170, MONTORNES DEL VALLES, Spain": [
    41.5538145,
    2.2671006
  ],
  "CALLE FRANCESC LAYRET 19-21, 08107, MARTORELLES, Spain": null,
  "CALLE FRANCESC PLA EL VIGATA 6, 08500, VIC, Spain": [
    41.9362066,
    2.2607705
  ],
  "CALLE GARCIA ESTRADA 20, 08560, MANLLEU, Spain": [
    42.0115872,
    2.2903934
  ],
  "CALLE GRAN 1, 08506, CALLDETENES, Spain": [
    41.9240718,
    2.2844174
  ],
  "CALLE GRAN 9, 08506, CALLDETENES, Spain": [
    41.9254286,
    2.2828264
  ],
  "CALLE JACINT VERDAGUER 20, 08503, GURB, Spain": [
    41.9464029,
    2.2391157
  ],
  "CALLE JACINT VERDAGUER 3, 08170, MONTORNES DEL VALLES, Spain": [
    41.5423303,
    2.2650845
  ],
  "CALLE JAUME GINESTI 1, 08410, VILANOVA DEL VALLES, Spain": [
    41.5544103,
    2.2862395
  ],
  "CALLE JOSEP TARRADELLAS 28, 08160, MONTMELO, Spain": [
    41.5514771,
    2.243719
  ],
  "CALLE L'ESTRELLA 12, 08170, MONTORNES DEL VALLES, Spain": [
    41.5421621,
    2.265443
  ],
  "CALLE L'HORTA 18, 08107, MARTORELLES, Spain": [
    41.4251545,
    2.1744746
  ],
  "CALLE LLEIDA S/N, 08500, VIC, Spain": [
    41.9466865,
    2.2636249
  ],
  "CALLE MAJOR 11, 08160, MONTMELO, Spain": null,
  "CALLE MAJOR 12, 08519, FOLGUEROLES, Spain": [
    41.9396,
    2.3201
  ],
  "CALLE MAJOR 33, 08505, SANTA EULÀLIA DE RIUPRIMER, Spain": [
    41.9111046,
    2.1897552
  ],
  "CALLE MAJOR 53, 08160, MONTMELÓ, Spain": null,
  "CALLE MAJOR 61, 08170, MONTORNES DEL VALLES, Spain": [
    41.5403003,
    2.2715782
  ],
  "CALLE MARQUES DE PALMEROLA 7, 08508, LES MASIES DE VOLTREGÀ, Spain": [
    42.0031722,
    2.2415844
  ],
  "CALLE MAS MORENETA S/N, 08160, MONTMELÓ, Spain": [
    41.5475336,
    2.2580947
  ],
  "CALLE MATARO S/N, 08500, VIC, Spain": [
    41.9409707,
    2.2535142
  ],
  "CALLE MIQUEL BIADA 1, 08105, SANT FOST DE CAMPSENTELLES, Spain": [
    41.5137993,
    2.2407849
  ],
  "CALLE MISERICORDIA 4, 08500, VIC, Spain": null,
  "CALLE MONTSENY 1, 08402, GRANOLLERS, Spain": null,
  "CALLE MONTSENY 10, 08402, GRANOLLERS, Spain": null,
  "CALLE MONTSENY 4, 08402, GRANOLLERS, Spain": [
    41.6098501,
    2.3021682
  ],
  "CALLE NOU S/N, 08505, SANTA EULÀLIA DE RIUPRIMER, Spain": [
    41.908882,
    2.1899086
  ],
  "CALLE NURIA 27, 08504, SANT JULIÀ DE VILATORTA, Spain": [
    41.9235173,
    2.3233845
  ],
  "CALLE ONZE DE SETEMBRE 29, 08508, LES MASIES DE VOLTREGÀ, Spain": [
    42.0094536,
    2.2413588
  ],
  "CALLE PALAU D'AMETLLA 14, 08170, MONTORNES DEL VALLES, Spain": [
    41.541811,
    2.2656357
  ],
  "CALLE PALAU D'AMETLLA 15, 08170, MONTORNÈS DEL VALLÈS, Spain": [
    41.541811,
    2.2656357
  ],
  "CALLE PINTOR GUARDIA 6, 08560, MANLLEU, Spain": [
    42.0058888,
    2.2840374
  ],
  "CALLE PIRINEU 22, 08507, SANTA EUGÈNIA DE BERGA, Spain": [
    41.9030309,
    2.2841431
  ],
  "CALLE PIRINEU 8, 08510, LES MASIES DE RODA, Spain": [
    41.9959638,
    2.2971256
  ],
  "CALLE PIUS XII 20, 08500, VIC, Spain": [
    41.9232104,
    2.2535786
  ],
  "CALLE PUIG 2, 08505, SANTA EULÀLIA DE RIUPRIMER, Spain": [
    41.9120204,
    2.1880451
  ],
  "CALLE PUIGSACALM 15, 08560, MANLLEU, Spain": null,
  "CALLE RAIMON D'ABADAL 23, 08500, VIC, Spain": [
    41.9218291,
    2.2511652
  ],
  "CALLE REC D'ACUMULADA 9, 08519, FOLGUEROLES, Spain": [
    41.9368178,
    2.3117547
  ],
  "CALLE RIPOLL 53, 08500, VIC, Spain": null,
  "CALLE RIPOLL 67, 08500, VIC, Spain": [
    41.9469832,
    2.2576833
  ],
  "CALLE SABADELL 04-jun, 08500, VIC, Spain": [
    41.9147708,
    2.304051
  ],
  "CALLE SANT JORDI 9, 08503, GURB, Spain": [
    41.9410056,
    2.2423079
  ],
  "CALLE SANT ROC 29, 08503, GURB, Spain": [
    41.9604417,
    2.2187303
  ],
  "CALLE SANTIAGO RUSI?OL 9, 08160, MONTMELÓ, Spain": null,
  "CALLE SOGORB 35-37, 08560, MANLLEU, Spain": null,
  "CALLE SOGORB 73, 08560, MANLLEU, Spain": null,